X1,X2,X3,X4,X5,X6,X7,y
-0.502,-1.153,-0.075,1.291,-0.474,1.069,-0.174,4.582
0.132,0.464,-0.947,0.671,0.026,0.372,-2.13,-1.497
-0.079,0.729,0,-0.306,-0.469,-0.005,0.846,-0.444
0.887,0.411,-1.525,-2.2,-1.143,0.757,0.895,2.2
0.117,-1.461,0.098,-0.348,0.469,-0.096,-0.341,15.146
0.319,-0.019,-1.527,0.722,0.518,-0.768,0.915,0.82
-0.582,1.693,-1.325,0.178,0.685,1.393,-0.978,6.736
0.715,0.009,0.603,-1.355,-0.476,-0.305,-1.267,3.035
-0.825,0.497,-0.098,-0.799,-0.929,2.48,-1.641,-0.365
-0.36,0.167,-0.137,0.401,-2.199,1.125,-0.759,-7.129
0.09,-0.237,0.923,-0.831,-0.87,0.918,-1.793,1.64
0.096,0.445,-1.235,0.271,0.543,0.334,1.147,0.175
-0.202,-1.254,-0.7,-0.384,0.273,-0.921,1.486,12.499
0.74,0.034,-1.486,-0.567,-0.257,-0.269,-0.241,1.454
0.123,0.012,-0.792,-0.101,0.143,0.986,-1.012,1.532
-0.029,1.155,-1.13,0.022,0.849,-0.855,-1.169,3.725
-0.389,1.207,0.536,-0.54,0.038,2.165,1.558,3.388
0.511,-0.629,-0.76,-1.249,1.084,0.514,-1.038,11.424
-0.914,1.371,0.766,1.024,-0.063,0.537,-0.658,-0.177
2.31,0.733,-0.664,0.878,-0.779,-0.726,-1.01,-4.019
-0.438,0.349,-0.153,-0.933,-0.903,1.471,1.494,0.162
0.764,0.487,0.011,1.361,0.245,0.076,-0.317,-2.614
0.262,0.322,0.624,-0.055,0.023,-0.388,-0.531,-0.051
0.773,-0.771,-1.875,0.346,-1.838,-0.778,-0.435,-1.004
-0.814,-2.227,-0.248,-0.434,0.016,-2.189,0.96,26.987
-0.438,2.381,0.922,-0.099,0.046,1.192,0.494,12.389
-0.72,0.436,-0.081,0.682,-0.021,-0.82,-1.088,-2.006
0.231,-0.122,1.298,1.131,1.202,-1.285,0.446,2.199
-1.158,2.342,-0.864,-1.854,-0.755,-1.392,0.794,13.802
0.247,-0.644,-0.375,1.296,-0.642,1.607,-0.171,-0.563
-0.091,0.381,-1.176,-0.403,1.026,0.196,1.021,3.881
1.757,0.637,1.686,0.983,-0.527,0.014,1.356,-3.983
-0.138,-1.099,1.237,0.548,0.01,0.246,1.512,8.033
-0.111,0.41,-0.799,-0.643,2.096,0.226,0.151,7.719
-0.69,0.57,0.101,-1.345,0.056,0.938,0.71,3.63
-0.222,-0.023,-0.252,0.115,0.647,0.27,1.207,2.853
0.183,-0.396,-0.802,-0.898,-1.641,-0.663,-0.772,0.299
0.417,-0.064,0.935,-0.197,-0.085,0.859,-1.471,0.379
1.065,1.177,0.893,-0.638,0.626,0.825,0.392,4.621
0.97,-0.688,-1.076,0.672,0.276,-0.861,-0.152,4.164
-0.102,-1.298,-0.857,-0.513,0.622,-0.236,1.496,14.222
1.403,-0.916,-0.882,1.222,1.025,-0.09,0.112,7.314
-1.777,-0.695,0.219,-0.583,-1.092,-1.255,0.012,2.771
0.623,-1.837,-0.594,0.19,-0.979,-1.271,1.083,15.492
-0.522,1.142,0.285,0.473,-0.306,-0.941,0.436,-0.508
1.322,-0.513,-0.443,-0.645,-0.129,0.619,-1.348,4.799
-0.363,0.839,0.147,-1.324,0.048,-1.008,0.211,3.572
1.319,1.226,0.576,-0.512,0.104,0.129,0.294,2.636
0.044,0.682,-0.638,0.024,-0.416,1.126,-1.683,-1.126
-1.879,-1.318,-0.248,0.351,1.73,0.753,0.174,15.349
-0.447,0.62,1.088,-0.67,0.319,-1.044,-0.835,3.417
-1.739,-0.038,-1.391,-0.437,-1.497,0.32,1.652,-2.815
0.179,0.826,0.625,-0.408,-1.136,1.43,0.185,-2.28
1.897,1.868,0.487,0.999,-1.373,-2.357,1.087,-0.506
-2.272,-0.057,-1.325,-0.903,1.813,-1.439,0.376,8.354
0.98,0.908,0.547,1.44,1.677,0.89,1.74,1.459
-1.399,-0.222,-1.219,1.597,0.341,0.357,1.218,-1.428
1.825,0.372,-0.158,0.078,-0.502,0.415,0.337,-1.535
1.381,1.255,1.149,-1.289,-1.48,0.504,-2.761,0.164
-0.839,0.661,0.021,0.843,0.741,-0.921,0.511,0.571
-0.262,-0.513,0.766,-1.12,-0.018,1.561,1.331,6.514
-0.069,1.361,-0.655,0.801,0.458,0.708,0.064,1.823
-0.379,-0.712,0.148,1.646,0.416,-0.283,0.441,2.637
2.582,-0.355,0.315,0.337,1.367,-0.312,0.252,5.317
0.13,-0.462,-0.23,0.471,-0.639,0.341,-2.342,-0.144
-0.713,-0.57,0.01,-1.434,-1.877,0.009,0.64,2.5
0.638,1.104,-0.23,-0.625,-1.231,0.072,-0.045,-0.382
0.202,-0.75,-1.443,0.635,-0.943,-0.355,-1.643,1.117
-0.07,1.316,-0.565,-0.433,0.19,0.276,-0.065,3.698
-0.092,-0.535,0.489,-0.331,-0.469,-1.694,1.647,2.637
0.449,-0.884,-0.094,-1.13,0.148,0.742,0.887,9.61
-1.064,-1.18,-0.482,0.858,0.177,-1.059,-0.851,7.29
-1.162,-0.722,0.575,-1.437,-1.355,0.178,0.138,4.59
1.649,-0.151,0.027,0.204,-0.063,-0.627,0.692,0.722
-2.062,-0.192,0.715,-1.564,-0.77,1.042,-1.319,3.293
0.013,-0.98,-1.067,-2.061,1.474,-0.766,1.058,16.724
-1.088,-0.345,0.743,-0.012,-0.101,-1.387,0.627,1.683
0.271,-0.975,0.597,-0.229,1.357,0.139,0.333,12.468
1.008,-1.078,0.263,-0.872,-0.328,-0.075,0.176,9.346
-2.074,-2.009,-0.553,-2.188,-0.172,-1.408,-0.921,25.973
0.897,-0.726,2.281,0.797,1.551,0.678,-0.23,7.6
-0.05,1.311,0.555,0.187,1.39,-0.748,0.174,4.722
-1.345,-0.322,0.451,0.514,0.523,-0.825,-0.459,2.992
-1.931,-1.406,0.112,-0.569,0.057,-1.617,-0.586,13.986
0.71,0.025,-0.51,1.285,-1.086,1.188,0.196,-5.536
-0.158,0.89,0.231,1.01,0.488,-0.417,-2.295,-0.356
0.216,-0.226,-0.704,0.184,0.13,-1.021,0.648,1.714
0.817,-0.197,-0.513,0.25,-0.04,-0.84,0.184,0.777
1.727,-0.242,0.415,-0.385,-0.469,-0.654,0.232,1.012
-0.104,-0.933,1.147,0.835,-1.316,1.103,1.66,1.048
-0.557,-1.444,0.384,0.918,-0.907,-1.296,-1.157,8.256
1.428,1.519,-0.43,-0.739,-0.638,-1.57,-0.655,3.511
-0.893,-0.09,0.391,0.187,1.837,-0.493,0.015,6.172
-1.158,0.001,0.099,-0.087,-0.673,0.251,-1.454,-1.072
-0.53,0.34,-0.526,-0.123,0.671,-1.014,-0.945,1.908
2.446,0.077,-0.39,0.889,-0.021,-0.579,0.499,-2.003
-0.832,1.329,1.63,0.353,0.657,-0.077,0.15,4.267
0.414,0.45,-0.011,-0.202,-0.603,0.767,1.5,-1.379
-1.179,-1.402,0.32,-0.239,-1.312,-0.412,-0.111,9.549
-1.174,-0.672,1.97,1.08,1.339,1.022,-0.934,6.582
-0.333,0.357,-0.598,1.361,0.173,-2.403,0.837,-3.218
1.363,-0.131,0.445,0.446,2.036,-0.152,-0.283,5.776
-0.469,-0.161,-0.759,1.56,1.22,0.445,2.21,0.536
0.843,-1.295,0.695,0.365,-0.002,-0.261,-1.198,9.867
-1.458,-0.796,-0.48,0.434,-0.959,-0.098,-2.055,1.956
-0.4,-0.934,1.193,1.586,0.122,-0.164,-0.418,3.313
-0.776,-0.809,0.29,-0.803,0.84,-0.62,0.634,10.838
-0.369,1.558,-0.796,2.063,0.216,1.113,0.489,-0.748
1.24,1.733,-0.143,0.447,0.604,0.116,-1.142,5.715
-0.107,0.135,-0.226,0.026,-0.604,-1.421,-0.393,-1.091
0.173,-1.123,0.471,0.25,-1.103,-0.556,0.54,5.21
0.255,1.285,0.929,-0.025,0.239,0.939,0.86,2.801
-0.615,-0.949,-1.588,-0.935,-1.004,1.147,-1.503,6.118
-1.429,-0.339,0.872,-1.64,-1.282,1.454,-1.366,2.116
-0.331,0.393,0.885,-0.467,0.631,-0.161,1.759,2.364
0.128,1.672,-0.122,-0.457,0.455,0.897,0.479,7.934
1.018,-0.593,2.607,1.402,0.554,0.434,0.395,2.042
-0.256,1.49,-0.346,0.213,0.319,0.05,-0.546,3.193
-0.303,0.225,-1.223,2.116,1.362,0.288,-0.925,-0.796
1.615,-1.12,-1.447,-1.644,-0.626,1.313,-0.668,11.562
-0.774,-0.302,-0.131,-0.392,-0.586,-0.564,-0.16,1.343
0.424,-0.237,1.017,-1.471,0.888,1.04,1.165,8.206
-0.584,-1.196,0.834,0.352,-0.421,-0.547,0.132,7.724
0.415,1.478,0.617,-1.433,1.102,-0.158,0.356,10.124
-1.545,1.089,-0.048,1.257,-0.674,0.312,0.358,-3.756
-0.519,1.198,0.312,0.196,0.957,-0.481,0.697,4.206
-0.28,0.18,-0.308,-0.975,-1.494,1.237,0.836,-1.454
1.007,-1.505,-0.281,-0.866,0.972,-1.459,0.428,19.037
-0.47,-0.014,-0.235,-0.156,1.435,0.927,0.854,5.253
0.298,0.544,1.299,0.721,-0.77,-0.966,-0.268,-4.1
-0.418,-0.239,0.196,0.996,1.409,-0.402,-0.648,3.559
-0.85,0.657,0.98,-0.394,-1.297,-1.208,-0.039,-2.256
0.689,1.083,-0.721,0.709,-2.613,0.028,1.093,-7.478
-0.46,1.007,0.445,0.443,0.307,-0.073,-0.836,0.642
1.348,-1.027,-1.411,-0.551,1.446,1.367,1.603,14.244
0.443,1.085,0.961,0.011,0.036,1.055,1.688,0.694
-0.151,0.67,-1.717,0.199,-0.506,0.491,0.102,-1.75
0.456,0.141,0.082,-0.948,3.302,-0.429,0.743,12.524
-0.04,0.994,-0.467,-0.99,-1.944,-0.263,0.209,-2.121
0.456,-0.244,-0.438,1.829,-0.625,-1.371,-0.898,-4.61
-0.408,-1.422,-1.076,-2.369,-2.256,-0.615,-2.012,11.567
-2.136,0.103,0.818,1.023,-0.959,-0.505,0.824,-5.301
0.157,0.67,-0.107,1.459,-0.127,1.808,1.047,-3.687
0.66,-0.832,1.694,0.616,1.753,0.923,1.784,9.748
-0.982,-0.686,1.103,1.401,1.206,0.15,-0.196,5.333
-1.114,-1.334,0.019,0.705,-1.8,0.459,2.682,4.543
-0.437,0.022,-0.462,1.23,0.151,1.885,-0.11,-2.374
-0.516,0.336,0.427,0.823,-0.14,0.266,0.834,-2.599
0.419,-1.09,1.217,1.001,1.47,-0.311,-0.696,9.864
0.134,-1.508,0.484,-0.405,-0.295,-1.116,-0.007,13.215
1.035,0.437,1.08,0.928,1.301,0.299,-0.48,1.608
1.654,-1.023,-0.677,-1.252,0.057,-1.429,-0.467,11.213
-0.018,1.515,0.268,-1.189,-0.883,-0.144,-0.877,3.986
-0.024,1.983,0.893,1.614,-0.734,1.251,0.773,1.527
0.25,-0.35,1.039,-0.45,-0.161,-0.116,-0.914,3.371
-0.337,-0.198,-0.683,-0.794,-0.876,2.188,0.833,0.621
-0.113,-1.094,-1.217,-0.05,-0.563,-0.903,-0.94,8.029
-0.099,1.826,1.899,0.457,-0.899,-0.916,1.007,2.91
0.264,1.564,0.45,-2.236,-0.177,0.842,-0.47,8.438
0.139,0.604,0.36,-0.678,0.806,-0.69,0.807,3.906
-0.242,-2,-0.028,0.257,-0.745,-0.342,2.192,19.16
0.059,-1.203,-0.885,0.071,-0.65,-0.524,0,7.962
-0.177,0.298,-1.334,1.47,-0.595,0.204,0.713,-5.717
0.795,-0.68,0.127,1.787,-0.547,0.645,0.853,-1.705
0.007,1.519,0.455,0.207,0.056,-0.706,1.437,3.497
-0.63,1.895,-0.917,-0.485,2.12,-0.901,-0.872,13.695
-0.252,-1.221,-0.62,0.56,-1.57,0.632,-0.489,4.524
-0.69,-0.517,1.208,0.003,1.16,-0.678,0.323,7.588
0.203,-1.059,-0.412,0.917,0.558,1.522,-0.302,8.129
0.846,-0.285,-0.978,0.464,-0.106,-0.574,1.538,1.315
0.632,0.631,-0.255,-1.218,-1.381,-1.021,0.432,-0.591
0.201,-0.615,-1.349,-1.413,-0.253,-0.915,0.348,7.457
-0.091,1.094,-0.81,0.276,-0.624,0.793,0.041,-1.495
0.289,-0.934,2.016,0.36,-0.441,-0.574,-0.068,4.512
-0.055,-0.818,-0.381,1.761,0.321,1.09,-0.768,2.742
-2.042,-0.06,-0.473,-1.415,-1.93,1.303,-0.346,-1.654
0.358,0.396,0.736,-1.062,-0.549,-0.026,2.185,0.386
-0.373,0.535,-0.506,0.473,0.452,1.336,0.338,-0.014
1.268,1.421,-0.536,1.268,1.094,-0.898,2.442,3.133
2.169,-1.042,-1.182,0.62,0.242,-1.791,1.238,7.239
-1.24,0.805,0.125,0.997,-0.092,0.227,0.456,-1.975
0.59,1.05,0.165,-0.561,0.038,0.659,-0.742,3.228
0.124,0.121,-0.14,-0.755,1.58,-1.037,-0.141,6.287
-0.524,-2.144,1.311,0.812,-0.528,1.529,0.39,20.652
0.62,1.146,-0.614,-1.415,1.772,0.861,-1.05,10.279
0.708,3.165,0.449,1.09,-0.747,-0.625,-1.59,20.006
-0.093,1.153,0.231,0.907,-0.506,-1.493,1.055,-2.416
-0.295,0.897,0.621,0.155,-0.297,0.117,-0.463,-0.237
-1.086,0.004,-1.561,0.421,0.664,0.196,1.581,1.845
-0.625,2.423,-0.664,0.485,0.073,0.717,-0.033,11.424
-0.233,0.114,1.206,-0.798,0.364,-1.748,0.59,3.853
-0.251,0.067,-1.076,1.202,-0.669,0.926,1.144,-4.542
0.954,1.193,0.339,-1.279,-0.862,0.063,0.173,2.472
-0.266,1.087,0.757,0.216,0.138,-0.553,0.208,1.027
1.895,0.18,-1.13,0.617,-0.657,0.935,-0.251,-2.67
-0.43,-1.153,-0.429,1.13,2.186,0.258,1.955,13.169
1.576,0.51,1.055,0.169,0.263,-1.14,-1.207,0.273
0.162,-0.146,0.576,0.032,1.463,0.505,0.463,5.571
-1.085,-0.826,-1.045,1.153,-1.049,0.58,-1.287,1.229
0.577,0.094,1.581,-0.435,1.911,0.084,-1.191,7.388
0.028,0.537,-0.729,-0.463,0.993,-1.272,0.337,4.416
-0.357,0.166,-0.143,0.092,-0.39,0.091,0.08,-0.695
0.853,-0.176,-2.431,-0.383,0.568,-0.466,-1.888,4.565
0.513,1.331,-0.737,0.089,-0.625,0.255,0.095,0.35
1.018,0,1.371,-1.122,-0.46,0.661,0.816,1.091
-1.021,-1.468,0.396,0.141,1.458,-0.318,-0.387,17.217
-0.562,-1.425,-1.73,1.464,-0.893,-1.438,0.249,6.279
-1.013,-0.648,-0.368,-0.872,1.218,-1.819,-1.166,9.441
-3.021,-0.795,-0.213,-1.674,0.57,-0.916,0.882,11.793
0.332,-0.276,0.005,0.119,-0.491,0.557,0.903,0.184
1.241,-0.005,0.082,0.511,-0.723,0.077,-0.635,-3.134
0.671,0.561,-0.663,0.796,0.062,-0.479,1.003,-0.993
-1.33,1.133,0.989,-2.231,1.221,-1.241,-1.819,11.016
-0.851,0.502,-1.109,0.09,0.592,1.105,1.293,1.519
-1.789,0.402,0.766,2.302,1.485,-0.727,-0.467,-1.337
1.232,-2.064,0.287,0.968,0.071,-0.55,2.38,20.423
-0.334,-0.022,-0.668,1.151,-0.334,-0.028,0.263,-3.223
-0.967,0.904,-1.555,-0.035,-1.082,-0.159,0.143,-2.627
0.879,-1.227,-0.227,1.258,0.09,1.274,-0.97,7.487
-0.254,0.548,0.866,1.114,-0.155,-0.257,-0.133,-2.591
-1.518,-1.785,1.769,-0.101,-0.899,-0.638,-0.743,15.619
-0.024,-0.555,-0.351,0.348,0.737,-0.381,-1.92,4.703
0.027,-1.589,-0.977,0.244,-0.621,1.495,1.136,13.249
0.164,-1.227,0.645,-1.827,-0.743,-0.563,0.628,12.183
0.41,-0.654,-1.997,1.258,-1.243,1.797,1.108,-1.82
-0.627,0.106,1.94,-0.19,-1.034,0.195,0.312,-1.369
0.637,0.441,-0.132,-0.936,1.223,0.216,0.328,6.771
-1.202,0.557,0.064,-0.603,-0.246,0.182,0.628,1.42
1.347,0.393,-0.386,1.192,0.512,0.311,0.917,-1.028
-0.599,-1.832,0.46,-0.942,-0.171,-0.9,-0.696,20.646
0.442,-0.439,0.837,-0.433,-0.695,0.728,-0.642,1.703
0.614,-2.528,-2.434,0.05,0.661,1.361,-0.07,33.221
-0.299,0.131,-0.473,0.714,-1.177,-1.72,0.06,-5.455
-1.601,-1.195,1.742,0.137,-0.543,0.053,-1.985,7.791
-0.339,-1.322,0.047,-0.453,0.171,-0.103,-0.958,13.28
-0.581,0.275,0.772,1.651,-0.463,-0.12,-0.041,-5.472
-0.39,-0.878,0.898,0.536,-0.554,-0.105,-0.206,3.763
0.846,-0.862,-0.359,-0.797,-1.006,-1.133,0.257,5.357
0.685,0.958,0.248,1.064,-0.749,-0.594,0.376,-3.957
0.238,-0.076,-0.887,0.568,1.238,0.527,-0.681,3.262
-0.711,-0.313,-0.139,1.402,-1.708,-0.055,-0.603,-5.808
2.613,0.913,1.894,-0.059,1.068,-0.096,-0.38,3.62
-1.627,-1.751,0.624,-0.708,-0.233,1.397,-0.091,18.769
-1.607,1.319,0.014,-2.026,0.966,0.395,-1.853,10.615
0.34,-0.136,-1.05,0.632,-0.622,-1.54,-0.957,-1.525
2.728,2.354,1.632,1.541,0.673,-0.71,0.011,9.58
-0.327,-0.76,1.458,-0.68,0.795,0.252,-1.083,9.666
-1.257,-1.221,-0.849,1.314,1.531,-0.982,0.575,11.239
-0.431,-1.27,-0.686,-0.322,0.758,-0.556,-0.417,13.387
2.549,-0.787,0.354,-0.355,-0.219,-0.759,0.775,5.647
-0.771,0.376,0.45,-1.364,-0.611,-0.5,-0.505,1.837
-0.507,-1.379,-0.471,-0.497,1.452,-0.279,-0.852,17.656
-0.27,-0.46,-1.263,-0.982,0.304,0.224,-1.6,6.481
0.748,0.424,-0.478,1.443,-1.17,0.293,-0.181,-6.824
0.669,-0.005,-0.713,1.1,0.38,0.86,-0.296,-0.54
-0.455,-0.309,-0.947,2.208,0.653,-0.59,-0.283,-1.121
-1.928,0.312,0.096,0.121,-1.174,-1.66,-1.217,-3.335
1.882,-0.986,-0.938,-1.892,1.909,0.82,0.129,17.971
-1.25,0.374,0.535,-0.639,-0.43,0.204,0.378,0.29
-0.489,-0.623,0.775,0.26,-0.697,2.715,0.429,1.529
0.215,0.155,-0.421,-0.037,-1.417,1.018,1.114,-3.512
0.422,1.771,-0.686,0.231,-0.569,0.107,0.209,3.629
-1.221,-1.397,0.725,-1.066,0.189,1.46,-0.717,15.341
0.312,-0.864,1.487,-0.64,-0.51,-0.224,0.882,6.604
0.886,-0.764,-0.208,-0.573,-0.138,-2.426,0.706,6.746
0.475,-0.252,1.403,1.238,0.743,0.023,-0.103,1.293
0.87,-1.255,0.752,-0.072,0.92,1.846,-1.385,13.455
-0.887,-0.729,-0.482,-0.733,0.112,-1.209,-0.058,7.346
-0.129,0.191,-0.084,0.61,-0.139,-0.139,-1.213,-2.176
1.097,-1.12,0.678,0.906,1.918,-1.419,0.989,12.623
0.518,0.348,-1.516,-1.973,1.801,-0.554,-0.43,10.541
0.398,-0.711,-1.209,-1.223,-0.875,-0.381,-0.077,5.303
1.067,0.144,0.19,0.139,-0.166,-0.179,0.808,-0.036
-0.45,-0.269,0.53,0.181,-0.979,-1.191,1.027,-1.102
0.626,-0.595,1.657,-0.752,0.074,-0.591,-0.365,6.178
-0.819,-1.902,0.879,2.126,1.151,2.018,-0.092,18.005
-0.264,-1.817,-0.202,0.798,2.63,-0.495,1.302,24.611
0.155,1.1,0.461,-1.097,0.32,-0.29,0.559,4.356
0.568,1.211,-0.592,0.588,-1.241,1.687,-0.027,-3.244
-2.66,0.184,-0.186,-0.228,0.49,-0.328,-0.439,1.571
1.137,-1.121,0.416,0.382,-0.661,0.487,1.063,5.979
0.422,0.857,-0.36,1.159,0.872,-0.703,1.038,0.379
1.35,0.256,1.034,-0.37,0.685,3.888,-0.967,2.116
1.104,0.959,1.589,-0.914,-0.712,-1.629,-0.48,0.876
0.647,0.951,-1.558,0.056,2.04,-0.014,-0.226,6.234
0.176,0.01,0.104,1.71,1.199,-0.275,-0.767,-0.029
0.654,-0.278,0.154,-0.515,0.54,-0.935,-0.473,4.553
-0.065,-0.106,-0.327,0.257,2.809,-0.439,-0.588,8.919
0.646,0.649,0.655,-0.772,-1.312,0.857,-2.436,-1.441
0.364,1.372,-0.195,0.787,-0.54,-1.546,-1.874,-1.157
0.843,-0.338,1.455,0.399,-1.119,0.728,-0.171,-1.713
-0.676,0.285,-1.116,1.711,0.437,-1.104,0.146,-2.447
-0.391,-2.073,-0.754,-1.529,-0.806,0.79,0.678,23.972
0.405,0.532,-1.737,2.168,0.297,0.189,-0.132,-3.394
-1.107,1.609,-1.615,2.657,0.974,-0.125,0.188,0.202
-0.383,0.884,-0.561,-1.809,-0.981,-0.082,-0.289,2.051
0.294,1.482,-0.246,0.208,-1.385,0.339,1.694,-1.966
1.793,1.397,-0.342,1.638,-0.137,-1.002,-1.933,-1.434
0.814,-0.418,0.858,-0.324,1.843,0.671,0.196,9.527
-1.32,-0.729,-0.598,-1.503,0.08,0.95,0.608,8.915
-1.855,0.822,-0.412,-1.113,-1.38,-0.619,-0.942,-0.708
-1.019,-0.29,-0.904,-1.47,-2.822,-1.185,-1.676,-3.074
-1.045,-0.173,0.022,0.107,0.35,-0.768,0.775,2.233
-0.651,0.198,-1.014,0.35,1.088,-1.075,0.559,2.262
0.383,0.031,0.424,1.528,-1.292,0.291,-0.101,-6.669
1.032,0.258,-0.752,-0.657,0.731,-1.229,2.634,4.703
0.131,0.188,2.009,0.738,0.913,-0.017,-0.774,1.175
0.377,0.177,0.82,-0.706,0.107,0.78,0.689,2.631
-1.888,0.547,-1.141,-1.047,-0.253,0.197,1.382,1.776
0.52,-1.025,0.803,-0.704,0.776,0.616,-0.207,12.338
0.859,-1.764,-0.202,1.047,0.247,-0.624,-1.957,15.974
-0.802,0.956,-1.102,-0.197,-0.052,0.422,1.374,0.524
-0.492,-0.794,-0.22,-0.515,-0.369,-0.461,-2.691,5.932
-0.211,0.465,-0.212,-1.575,0.834,-1.244,1.482,5.43
-0.464,-1.148,-2.457,0.724,-0.074,-0.103,0.059,6.491
0.299,0.839,-0.233,0.573,0.667,-1.17,0.642,0.761
-0.605,-1.185,-0.871,0.671,-0.231,1.789,-1.599,7.454
-0.439,0.845,-0.772,-0.665,-1.381,-0.725,0.101,-1.61
-0.721,-1.144,-0.999,-0.747,0.03,-0.303,-0.509,10.704
0.781,0.504,1.26,-1.325,-0.298,0.265,0.445,2.136
-1.222,1.572,-1.454,-0.581,-0.388,-1.665,-1.1,4.302
0.891,-0.119,-1.063,-1.12,0.667,0.757,0.198,5.928
0.254,0.468,-0.667,-0.743,-1.445,-0.212,0.605,-2.196
-0.066,1.186,2.721,0.604,-0.051,-0.3,0.136,-0.211
0.201,-0.227,-0.274,-0.35,-2.224,-0.314,-0.101,-3.318
2.478,-1.235,1.336,1.276,-1.034,-1.519,0.358,4.345
0.472,0.923,0.307,1.257,0.447,0.803,0.28,-1.123
1.326,2.264,0.185,-0.538,-0.77,0.278,-0.719,9.571
0.669,-0.108,-0.281,1.668,-0.613,0.776,0.227,-5.056
-0.137,-1.547,-1.29,-0.67,-0.704,0.83,-0.572,14.282
-1.411,1.474,0.681,0.626,-0.281,1.768,0.786,1.043
1.2,-0.801,-0.654,0.799,1.418,-0.963,0.045,8.383
0.299,0.815,-2.193,-0.458,2.443,-1.658,-1.087,8.324
0.456,0.644,-2.067,-0.968,-0.31,1.882,-0.232,1.651
0.438,0.41,0.699,0.028,0.607,1.265,-0.008,1.346
-0.215,-0.325,-0.449,-1.831,-2.424,0.486,-0.507,-0.102
-0.312,-1.961,-0.362,0.381,-0.54,0.43,-2.132,18.61
-0.693,-2.304,0.062,0.229,-0.235,0.141,0.27,25.479
-2.396,-1.219,-0.495,0.353,-0.038,-1.2,1.26,8.531
-1.584,0.027,0.781,-0.116,0,1.102,0.072,1.406
1.759,1.448,0.476,0.853,0.214,-0.61,-0.755,1.561
-2.363,-0.419,-0.111,-1.296,-0.35,1.171,2.667,4.605
0.393,-0.498,-1.272,-0.936,-0.118,-0.64,-0.836,5.592
0.566,1.492,-1.243,1.732,0.685,0.066,0.892,1.133
-1.044,-0.182,0.174,-0.183,0.434,0.851,0.011,3.314
1.023,-1.431,-1.191,0.678,-0.381,-0.502,-0.98,10.423
-0.513,0.625,-0.579,-0.035,-0.206,-1.537,1.112,-0.668
0.048,-0.374,-1.229,0.071,0.885,-0.265,0.059,4.91
1.393,0.49,0.918,-0.107,-1.441,-0.989,0.908,-5.097
-0.432,0.425,1.618,0.637,0.993,0.381,1.564,1.487
-0.135,-0.046,-2.024,-0.27,-0.655,-0.71,0.45,-0.213
1.298,1.138,-0.248,-1.649,-0.355,-1.06,-0.088,4.246
-0.071,-0.6,0.915,-2.056,-0.925,-0.217,1.166,6.518
-0.421,-0.383,-1.627,-1.049,0.513,-0.703,0.392,6.511
1.141,-0.042,-1.103,-0.01,1.637,1.334,1.766,6.586
-0.427,-1.124,-0.524,-0.586,2.131,-1.184,0.178,16.466
1.396,1.27,0.072,-0.935,1.365,0.762,0.303,7.948
-0.296,-0.2,-2.351,0.017,1.211,0.403,1.791,4.939
0.583,-0.243,-0.654,1.018,0.361,-0.726,-0.092,0.094
-2.676,0.797,0.406,0.093,2.82,0.486,1.595,8.453
-1.401,0.033,-0.613,-0.689,1.868,-0.501,0.814,7.48
3.304,1.025,-0.355,0.473,-0.821,-0.379,-1.005,-2.279
0.857,0.205,-1.004,0.81,1.036,0.738,-1.768,1.551
1.161,-0.523,-0.428,-0.017,-0.864,-0.808,-0.247,1.273
0.279,-0.279,-2.324,0.175,-0.313,-0.576,0.93,0.794
-0.014,1.937,-0.691,0.032,-1.282,0.532,-0.776,3.158
-2.676,0.367,-0.426,-0.224,-0.792,0.617,1.253,-2.214
0.121,1.094,-1.048,1.021,1.714,2.336,-0.741,4.164
-0.501,0.207,0.7,0.125,0.332,0.238,-0.259,1.074
1.38,0.028,0.741,-0.687,1.238,-0.623,-0.127,5.451
-0.406,-0.556,-0.088,1.342,0.613,0.438,-0.271,1.765
1.396,-1.075,0.697,0.537,-0.452,0.816,-1.481,5.478
0.739,-0.104,-0.002,0.749,-0.342,-1.232,1.013,-1.633
0.737,0.022,0.062,-1.255,0.25,-1.791,0.46,4.124
-0.733,1.225,0.958,-0.861,-1.004,0.893,0.988,1.277
-1.898,0.747,2.057,-0.073,1.387,-1.156,0.777,4.38
0.446,-1.078,0.49,1.668,1.029,-0.429,-0.613,6.73
0.456,-0.343,0.946,0.5,0.961,-0.974,-0.472,4.536
-1.526,0.514,-0.023,0.699,-0.971,-1.029,0.003,-4.808
-0.081,1.223,1.453,-0.49,0.849,-2.161,1.451,5.334
-0.34,-0.1,0.275,1.207,-0.474,-1.229,0.467,-3.438
0.054,0.734,0.665,0.833,0.383,-2.752,0.845,-0.751
-0.692,-0.294,-0.973,-0.232,-0.681,-0.504,-0.044,0.166
-0.303,1.647,0.614,-0.804,0.014,-0.875,-0.758,6.819
-1.195,-0.021,-0.098,0.485,-0.278,-1.408,0.277,-1.25
1.02,1.668,0.778,1.936,0.367,-0.108,0.153,0.782
-0.478,0,-0.209,-1.255,0.847,-1.289,0.335,6.496
-0.659,0.568,0.288,-0.044,-0.644,1.127,-0.485,-2.648
0.679,0.53,-1.064,-0.731,-1.076,1.239,-3.181,-0.855
-0.105,0.358,1.018,-0.848,1.065,-0.384,0.062,5.047
-0.454,-0.332,1.585,-1.675,0.581,0.454,1.335,8.558
1.341,-0.706,-1.68,2.449,0.14,0.618,0.864,-1.001
0.986,-0.157,1.067,-1.307,-0.636,0.457,-0.001,1.779
-1.195,0.575,0.79,-0.89,-1.03,1.195,0.753,-0.537
-0.575,1.19,-1.42,-2.723,-1.204,-0.273,-0.918,4.393
0.982,0.679,0.764,-0.135,-0.879,0.49,0.843,-2.376
-1.657,0.46,-0.012,0.127,0.467,1.606,0.381,1.223
-1.12,-0.867,0.296,2.331,-0.282,1.165,0.466,-0.056
-1.171,-0.574,1.102,-0.874,0.404,-0.522,-0.349,7.602
-1.139,0.848,1.356,-0.33,1.507,-0.096,-0.551,5.682
-1.285,-1.634,2.134,1.014,-0.1,-1.464,0.62,13.259
-0.142,0.433,0.473,1.166,-0.89,-0.619,-0.801,-5.424
1.439,0.537,1.227,-0.409,-1.139,2.716,-0.39,-2.98
-1.04,0.956,1.345,-0.197,0.33,0.283,1.331,2.383
-1.024,1.324,1.318,1.091,-0.564,0.441,-1.656,-1.251
1.095,1.348,0.192,0.941,-0.265,-1.324,-0.471,-0.982
-2.014,-0.263,0.425,-1.121,0.491,0.459,-2.947,7.275
-1.047,-1.192,-0.813,-0.508,0.083,-0.276,0.449,10.784
0.833,-1.143,0.478,-0.461,0.051,-1.23,1.613,10.475
0.609,1.023,1.558,-0.448,-1.445,0.434,-0.149,-2.767
1.084,0.01,-1.126,-0.052,0.124,-0.402,-1.852,1.766
0.173,-0.216,0.235,-1.001,-0.668,-0.445,-0.158,2.709
1.516,-0.504,-1.372,0.081,-0.509,0.752,-0.118,2.343
-0.217,-1.022,-0.274,-0.125,0.3,1.338,0.597,9.136
-0.108,2.727,-0.347,1.311,-0.717,-0.193,-0.112,11.122
-0.358,0.013,0.228,-0.416,1.009,-0.574,-0.687,5.047
0.327,0.564,0.87,0.26,-1.263,0.958,-0.557,-4.94
-2.013,-0.283,1.655,-0.883,0.777,-0.067,0.473,5.626
-0.15,-2.513,-0.171,-0.177,0.627,1.221,-0.18,33.119
-0.932,1.172,-1.054,-0.663,1.159,0.605,0.418,6.412
0.278,0.46,-1.01,-0.162,0.938,-0.319,0.244,3.596
0.817,0.468,0.331,-0.404,-1.429,1.281,0.32,-3.071
-0.43,-0.042,0.671,-0.347,-0.888,-0.083,0.428,-0.352
0.572,0.578,-0.357,0.55,-0.874,-1.767,0.959,-4.196
0.177,0.596,0.964,-0.232,-1.175,0.299,-0.12,-2.902
1.114,-0.857,1.254,-0.185,-0.293,-1.363,0.767,5.505
-0.587,-0.609,1.835,1.091,-0.391,-0.87,0.783,0.629
-1.738,1.142,0.127,1.214,-0.757,0.392,-1.324,-3.969
0.654,-0.069,-0.308,-0.179,-0.053,0.966,1.021,1.728
-0.187,-0.848,-1.687,-0.842,-0.163,0.324,-0.915,7.278
0.639,0.912,-0.749,0.387,1.793,0.062,-0.053,5.06
-0.032,-0.686,2.109,-0.847,0.403,2.054,0.847,7.572
1.002,-0.335,-2.18,1.084,0.5,1.187,0.108,1.911
-0.641,-0.922,0.276,0.329,0.108,-0.987,-0.006,6.618
0.251,-0.081,1.02,1.01,1.179,0.096,0.704,1.802
0.575,0.177,-1.143,0.778,-0.368,0.917,-0.259,-2.029
-0.635,0.511,-0.936,0.649,-1.519,0.626,-0.765,-6.843
0.857,-1.496,1.395,-0.132,-0.665,-0.321,-1.289,11.4
1.105,0.037,0.547,-0.188,1.232,0.871,-0.076,4.876
-2.405,-1.476,1.504,-0.335,0.848,0.197,0.646,16.833
-0.701,0.417,-0.967,-0.747,1.328,-0.195,-0.991,5.361
0.028,1.541,0.003,1.193,-0.803,-2.519,-1.423,-1.144
1.717,0.077,-0.056,0.181,-0.865,0.349,0.55,-2.317
-1.128,-0.161,-0.082,-1.302,-1.984,-0.004,-1.262,-1.311
1.086,0.569,0.085,-0.343,1.493,0.734,-0.1,5.105
1.306,1.022,1.541,0.689,1.4,-1.051,-0.34,2.782
-0.988,-0.286,0.886,0.212,-0.223,0.515,2.355,1.556
-0.227,-0.75,-0.157,0.887,-2.67,-1.19,-0.015,-4.943
-0.142,-0.951,-0.873,1.126,-0.598,0.755,0.775,2.141
0.396,-0.577,0.13,-0.169,-1.277,-0.309,-1.034,0.704
-1.939,0.482,0.272,-1.363,-0.189,0.292,-1.018,3.537
-3.321,-0.842,0.245,-1.12,-0.586,-0.975,0.041,7.744
0.942,0.335,-1.306,-0.277,0.956,-0.143,0.648,3.775
0.037,-0.409,-0.959,-1.719,1.03,-0.17,-0.299,9.771
-0.259,-1.178,1.971,-0.245,-0.586,-0.835,-0.629,8.615
0.344,0.485,-0.991,-0.241,1.474,-0.295,-0.264,5.289
0.149,0.491,0.832,-0.326,-0.22,-0.826,1.303,0.885
0.94,2.219,-0.81,0.288,-0.785,-1.475,-0.94,7.8
-2.218,-0.237,-0.264,-1.332,0.461,-1.685,-0.364,6.192
-1.794,0.726,-1.684,-0.314,-0.86,0.092,0.361,-2.046
1.692,0.285,-2.344,-1.597,0.327,0.21,-0.006,4.948
-1.672,-0.975,0.322,-0.124,1.921,0.138,1.075,13.768
-1.737,0.903,0.781,-2.189,-1.294,-1.074,-1.502,2.847
-0.027,-0.2,0.9,0.762,0.123,1.779,-1.082,0.346
0.066,0.141,-1.044,0.484,-0.499,0.672,1.788,-2.658
-1.462,-0.459,-1.256,0.663,0.239,1.531,-1.389,1.701
-0.419,0.76,0.504,1.508,-0.668,-1.205,-0.463,-5.375
0.577,0.675,0.655,-0.485,-1.781,-0.487,2.229,-3.867
-0.607,-0.044,-0.428,1.246,0.823,0.516,-0.275,0.345
-0.069,0.713,0.902,0.243,1.093,-0.026,1.331,2.752
1.334,-0.295,-0.125,1.669,-1.168,-1.082,0.866,-5.193
-0.768,-0.111,-0.477,1.59,-1.193,-0.316,-2.242,-6.61
0.553,-0.116,-0.579,0.75,1.648,0.967,0.166,4.858
-1.709,-0.788,0.333,-0.393,-0.659,0.92,0.084,4.089
-0.527,-0.459,-0.191,-2.042,-1.589,-0.753,2.098,3.475
2.064,0.623,2.824,-1.082,-1.753,0.5,-1.419,-1.848
0.424,-0.414,-0.593,-0.697,-1.283,1.146,1.384,0.82
1.009,-0.361,-1.074,0.925,-0.122,0.447,-0.135,-0.082
1.361,-0.217,-0.84,-0.816,-1.29,0.306,-0.302,0.652
-0.106,-2.886,1.496,0.669,-0.743,1.513,-1.284,35.849
0.042,-0.052,0.011,-0.268,-0.662,-0.831,-0.646,-0.099
1.12,-0.266,0.798,0.297,-0.798,0.755,-0.932,-1.557
0.239,0.379,1.26,-0.225,0.195,-0.537,-1.225,0.551
-1.039,1.393,-1.422,1.399,0.739,0.723,-0.343,0.413
-0.492,2.366,-0.991,-0.539,-2.164,-0.987,-1.257,7.093
0.384,0.108,-0.57,0.164,0.072,0.858,-0.088,0.255
-0.147,1.973,-0.571,-0.095,0.259,0.528,-1.187,7.576
-0.65,-0.617,0.734,0.156,1.26,-0.174,2.069,7.545
0.056,-0.839,-0.52,-0.69,1.584,1.512,-0.901,12.788
-0.247,-0.236,0.583,-0.627,0.637,0.025,-0.123,5.166
1.236,2.112,-1.341,-1.398,-0.896,-0.002,0.857,10.262
-0.178,0.02,0.575,-0.014,-0.322,-0.848,0.013,0.446
1.236,-0.064,0.216,-0.925,1.418,-1.145,0.742,7.363
-1.082,-0.521,-1.134,1.643,0.477,-1.297,0.576,0.64
-0.494,0.273,0.435,2.449,0.655,0.193,0.044,-3.746
-1.711,-0.346,-1.092,-0.567,0.613,0.425,1.055,4.8
0.04,0.063,0.648,-1.144,-0.865,0.363,-0.716,1.134
-0.561,0.511,1.749,0.927,0.637,-0.37,-0.079,-0.083
-2.557,0.117,2.031,1.446,0.717,1.234,0.391,-1.481
-0.697,-1.284,-0.269,0.497,-0.171,-0.328,-0.005,9.356
-1.446,1.349,1.036,0.427,-0.162,-0.47,-0.387,1.549
0.316,-0.23,-0.19,-0.231,0.269,0.179,1.317,3.341
-0.343,-1.732,1.257,0.404,1.484,-0.697,-0.247,20.205
-1.931,-0.627,0.824,-0.55,1.434,0.73,-0.012,10.589
0.243,-0.241,-1.159,-0.693,-1.635,-0.746,-0.723,-1.332
-0.363,-1.338,-1.144,-1.373,0.633,-0.726,0.314,16.049
2.433,0.243,-0.723,-0.077,-1.01,1.06,-1.251,-2.76
0.592,-0.552,-1.927,-0.106,0.584,-0.926,-1.846,6.307
-0.576,-1.1,-0.286,0.441,-0.549,-0.311,-0.049,6.023
0.407,0.148,0.656,-0.285,0.244,-0.561,-0.752,0.611
-0.045,1.297,-2.463,0.63,0.897,0.598,0.764,2.927
0.441,-1.011,-0.902,-1.608,-0.455,2.254,1.107,10.509
2.235,-1.403,-0.594,-0.915,-1.056,0.676,1.724,11.8
-0.586,-0.827,-1.142,-1.585,0.829,-1.153,-0.786,11.584
0.599,-0.512,1.066,-1.116,-0.48,-0.87,-0.851,4.615
1.274,-0.112,0.222,0.686,-0.682,0.83,0.14,-3.19
-0.912,-1.19,-1.208,1.135,-0.783,0.242,1.463,4.569
-1.375,0.35,1.673,1.093,-0.265,0.296,-0.526,-2.648
-0.288,0.494,1.078,-1.084,0.938,1.237,-1.299,5.023
0.081,-0.78,1.037,-0.956,2.443,-0.112,1.432,15.028
0.338,-0.917,-0.051,-1.613,-0.502,-0.148,-0.277,8.841
0.566,-1.686,0.189,0.998,-1.512,-0.3,-0.351,9.509
-0.934,1.053,-0.12,0.801,1.538,0.51,0.591,3.886
1.727,-0.195,-0.954,0.82,-1.011,-0.775,0.139,-3.016
1.588,-0.225,0.849,-0.093,0.542,0.994,0.388,3.181
-1.037,-0.064,-0.39,-0.312,0.266,-1.082,-0.635,2.497
0.37,0.238,1.515,1.939,-0.343,1.857,-0.128,-5.537
0.439,-0.619,-1.548,-0.68,0.852,0.371,-0.258,8.722
-0.878,-0.103,-1.448,-0.049,-1.063,-0.994,0.193,-2.123
0.761,0.292,1.427,0.12,-1.478,-0.938,-1.73,-5.348
0.064,-0.494,0.168,-1.309,0.422,-0.424,1.024,7.652
2.298,0.061,-0.845,0.593,-0.666,0.786,2.034,-1.724
-1.3,-0.661,1.069,-1.04,0.566,0.456,-0.888,8.938
-1.08,-2.899,0.157,-1.195,-1.658,-0.108,1.161,37.968
1.488,1.133,-0.043,-1.835,-0.327,0.814,-0.387,5.542
-0.231,0.499,-1.233,0.096,0.204,0.304,-0.919,-0.004
0.665,0.209,1.471,0.191,-0.903,-0.884,1.224,-3.682
-1.16,-1.079,1.2,0.361,-0.263,0.499,0.927,7.296
1.082,-0.598,-0.63,0.934,-1.166,-1.145,0.894,-1.482
0.424,0.813,0.322,-0.853,-2.212,-0.119,0.615,-3.783
0.776,-0.692,-0.707,-0.383,-1.013,-0.923,-1.002,3.024
-0.723,0.735,0.764,0.12,-0.601,0.583,0.113,-1.447
0.509,-0.988,-0.535,0.931,-0.969,-0.621,0.152,2.487
0.155,-1.308,-0.365,0.153,1.071,0.165,0.633,14.257
0.309,-0.431,-0.978,2.28,-0.147,-1.71,0.599,-3.393
0.317,0.388,0.32,1.337,-0.556,-0.291,0.954,-5.596
0.708,-0.54,1.108,-0.645,1.029,0.958,-0.323,8.099
-0.462,-2.22,-0.966,-0.114,-2.559,0.753,0.696,18.038
1.698,-0.543,-0.316,-0.582,1.952,-1.267,-0.052,10.678
-0.862,1.462,-0.382,-1.703,0.072,2.992,-0.02,7.474
-1.052,0.164,0.658,-0.262,-0.583,0.025,0.677,-0.889
0.532,1.848,-1.511,-0.157,-0.799,-0.146,-0.363,4.662
0.077,0.708,-1.16,0.214,0.385,2.065,0.958,0.753
-1.025,-1.297,-0.704,0.415,0.074,-1.392,0.061,9.925
0.144,0.364,1.279,0.311,-1.096,0.088,0.446,-3.884
-0.221,-0.95,-0.587,-0.625,0.521,-0.234,-0.175,10.741
-0.977,0.787,-0.2,0.823,-0.122,0.116,-1.766,-1.87
0.335,1.378,0.71,-1.14,0.641,-0.147,0.55,7.528
1.587,-1.264,0.04,1.732,-0.511,-0.101,1.828,5.774
1.27,-0.156,0.124,1.905,0.283,-1.21,0.313,-2.531
2.887,-1.842,1.21,0.04,-2.794,-1.928,-0.767,10.553
0.683,-0.055,-0.124,-0.211,-0.119,-1.508,2.081,0.92
-0.677,0.385,0.362,-0.968,-0.584,-0.092,-0.938,0.955
-0.164,-2.011,-0.703,-0.085,0.611,-1.472,0.753,23.756
0.71,-0.712,-0.747,-0.277,0.398,-0.712,1.005,7.104
-1.054,0.369,-0.011,0.155,0.081,-0.479,-1.116,0.146
-0.956,-0.533,0.922,1.964,-0.993,0.653,1.24,-3.602
-0.945,0.697,0.143,0.03,0.27,0.099,-0.022,1.358
0.225,0.541,0.464,-2.514,1.537,1.702,1.22,10.841
0.359,-0.464,0.74,0.638,-1.583,-2.825,0.8,-3.131
-0.664,-0.78,0.353,-0.076,0.279,-1.269,0.345,6.185
-0.127,1.281,-1.216,-1.157,-0.624,-0.932,-1.431,3.044
1.642,-0.015,-0.379,1.095,-0.464,1.067,2.325,-2.94
-0.507,-1.008,0.534,-0.63,-0.028,-0.629,1.161,9.174
-0.518,0.486,0.819,0.905,0.876,1.577,-1.844,0.957
1.344,-0.017,-1.284,-0.818,-0.26,0.441,0.592,2.643
0.087,-1.412,-0.583,0.185,-0.687,1.69,-0.581,10.193
0.538,-2.198,-0.655,0.578,1.207,-0.292,0.609,27.362
1.492,0.23,1.152,0.904,0.511,1.025,0.303,-1.483
0.877,-1.446,-0.413,0.241,-0.247,0.402,1.563,11.181
0.496,1.121,0.551,1.762,1.417,-0.809,-0.234,1.282
-0.247,0.451,-2.023,-1.085,-1.732,0.201,-0.683,-2.688
-0.729,0.568,-0.865,-0.684,2.059,0.698,0.291,7.556
0.874,-0.012,0.054,0.15,0.997,0.33,0.727,3.187
-0.761,0.402,1.254,0.301,-1.135,0.749,-0.986,-4.245
0.403,-1.195,2.827,0.293,0.489,0.554,0.199,10.674
-0.532,0.281,-0.784,1.278,-0.354,1.919,-1.367,-3.773
0,-0.306,-0.916,-0.468,0.88,0.008,-0.271,5.897
0.818,2.576,0.446,-0.344,-0.3,-0.464,0.85,14.406
0.269,-1.052,0.848,1.602,-1.288,-1.401,1.576,0.548
-0.388,0.704,-1.201,-1.496,-1.168,-0.658,1.216,0.885
-0.325,0.053,-0.751,2.949,-1.388,1.524,-0.946,-10.69
1.68,0.392,0.955,-0.509,-1.145,-0.085,-3.515,-2.659
-2.881,2.021,2.11,-0.23,-1.125,0.423,-0.852,4.872
0.622,-1.985,1.98,0.498,0.264,0.664,0.96,20.412
-2.204,1.803,-1.301,1.428,-0.077,0.574,0.682,1.974
-0.273,-0.12,-0.017,0.14,-2.053,-0.02,-0.37,-5.219
-0.922,0.568,-1.045,-0.269,-1.395,-0.809,-0.66,-3.776
-0.306,-1.147,0.458,-0.416,-0.964,-0.204,0.614,7.345
2.537,0.245,-0.951,-0.891,-0.91,-0.692,-0.033,0.099
1.934,-1.314,-0.22,0.494,-0.183,-0.406,-0.598,9.052
-0.013,0.532,-0.017,-0.263,-0.822,-1.182,-0.624,-1.751
-1.252,0.817,0.295,0.08,-0.497,0.177,-1.872,-1.041
0.775,0.572,-0.691,-0.899,-0.922,-0.13,1.36,0.147
0.804,-1.156,-0.22,-0.6,-2.441,-1.431,0.575,4.219
-1.499,0.524,-0.192,-1.832,0.101,-0.447,-1.563,4.558
0.586,1.088,0.857,0.169,-0.425,-0.406,-1.784,-0.417
-0.841,0.478,0.161,1.319,0.557,0.256,0.43,-1.559
-0.774,-0.158,1.544,0.745,-0.366,0.851,-0.087,-1.042
-1.209,-1.695,-0.992,1.198,0.526,-0.928,0.126,14.615
0.019,-0.638,0.461,1.682,0.16,1.319,0.242,1.416
-1.367,0.897,-1.505,1.306,-1.129,0.164,-0.093,-6.803
-1.99,1.491,1.224,0.846,1.305,-0.056,-0.139,5.606
-2.156,0.108,-0.806,1.273,0.226,0.482,-1.134,-2.291
0.067,1.371,-1.309,0.01,0.17,-0.437,-0.29,3.05
0.86,0.093,-1.835,-0.039,0.119,-0.29,1.095,1.363
-0.783,-1.645,0.996,-0.418,-0.171,-0.58,-0.916,16.52
-0.556,-0.287,0.239,-1.53,-0.919,-2.212,1.189,2.866
0.707,0.914,0.111,-2.134,-0.34,0.906,0.854,4.885
0.192,-0.484,-0.134,-1.209,0.43,0.542,-1.106,7.319
1.64,0.266,-0.171,0.511,0.307,-0.603,1.189,0.453
-0.176,0.883,1.522,0.846,-0.566,-1.491,0.618,-3.445
-0.362,-0.022,0.191,-0.921,1.19,0.608,0.269,6.288
2.162,0.871,-0.647,1.304,1.751,0.344,-1.497,2.324
-0.13,-0.504,1.168,-0.87,0.932,0.371,2.843,8.306
-1.313,1.327,-0.25,0.966,-0.896,-0.482,0.177,-3.172
0.66,-1.126,0.356,0.435,-1.348,-0.798,-0.033,4.125
0.092,-2.395,1.641,0.559,1.448,1.207,0.77,31.393
0.448,0.804,-0.108,-0.314,-0.482,0.61,-0.771,-0.133
0.544,1.76,0.695,-0.083,-1.219,0.531,-0.649,2.131
1.621,1.012,-0.497,0.003,-1.24,0.087,0.597,-2.33
1.321,0.217,0.66,0.514,-0.811,0.858,-0.008,-3.465
-0.098,-0.546,0.333,-2.16,0.424,-0.506,-1.643,10.746
0.384,0.584,1.245,-0.913,-0.032,2.765,1.543,2.055
0.775,1.178,-1.404,-1.634,-0.121,-1.416,-1.927,5.493
0.406,0.8,-0.261,1.398,-0.407,-1.189,0.192,-3.805
-0.027,0.295,-1.065,-0.316,-2.305,0.914,0.63,-5.79
1.341,0.298,0.948,1.736,0.725,-1.362,0.151,-2.109
0.745,-0.056,1.28,0.187,1.39,-0.123,0.52,4.22
-0.447,1.081,0.471,-0.205,-0.991,1.667,-1.464,-1.235
-0.737,0.797,-1.221,0.731,-0.125,-0.301,0.556,-1.813
-0.851,-0.596,0.624,0.057,-0.204,2.102,-2.064,3.172
-1.34,0.977,-1.684,2.398,1.701,0.254,-0.91,-0.733
0.658,-0.428,-0.439,-1.155,1.534,1.073,-0.049,9.917
-0.356,-0.268,0.61,-1.327,-1.243,-1.132,0.902,0.87
0.049,1.803,-0.893,1.411,0.637,-0.997,1.977,4.691
-1.085,-1.981,0.036,-0.296,0.512,-0.771,-2.055,23.388
0.037,0.031,0.162,-1.292,0.917,-0.367,-1.396,6.707
-2.624,-1.389,0.083,-0.106,0.807,-0.543,-0.2,14.71
-2.147,0.681,-0.561,1.356,0.86,-0.52,0.441,-1.353
1.092,0.264,0.083,1.411,1.549,0.209,0.237,0.903
-1.684,0.132,0.438,-1.79,-0.187,0.779,0.028,4.886
-0.506,-0.352,1.567,0.636,0.873,-0.915,-0.957,3.464
-1.29,-1.682,-1.908,-0.713,0.201,-1.608,-0.551,18.792
-0.66,-0.455,0.161,0.459,1.811,-0.791,-0.1,7.075
0.111,0.526,0.706,-1.514,-0.716,0.272,0.578,1.161
1.688,-1,-0.564,0.37,-0.015,-1.55,0.702,6.6
1.442,-0.715,-0.25,-0.1,2.117,-0.918,-0.046,12
0.208,1.222,-0.19,1.265,1.689,0.533,-1.647,3.721
-0.535,-0.359,0.555,0.04,0.341,0.595,-0.484,3.081
0.252,-0.921,-0.878,0.93,-1.598,-0.699,2.252,-0.189
-0.968,0.359,1.174,-0.632,-0.573,-0.388,0.227,-0.523
0.052,0.435,0.384,1.227,-1.405,-1.071,-0.147,-7.238
1.273,0.957,1.14,0.748,0.088,1.389,0.013,-1.819
-0.468,1.518,0.625,-0.795,-1.202,-1.488,0.245,1.204
-0.536,-0.307,-0.332,-0.756,-0.436,-0.247,0.02,2.595
0.832,-0.323,-0.521,0.683,1.006,0.076,-0.167,3.52
0.355,-0.694,-0.687,-0.308,-0.84,-0.386,-0.122,4.15
0.452,-0.764,0.797,-0.193,-0.957,1.864,0.717,2.485
0.88,1.115,0.761,1.867,0.623,0.802,0.335,-1.513
-0.108,-0.278,0.734,0.134,1.185,0.217,-1.722,5.408
-2.438,0.175,0.684,-0.451,0.454,-0.129,-0.198,3.465
0.736,0.31,-0.45,-2.12,-0.395,1.529,1.108,3.983
-1.468,-0.288,-0.311,-2.254,-0.145,0.874,-1.55,7.299
0.377,1.217,-0.049,-1.177,-0.729,0.655,1.482,2.768
0.665,-1.145,0.088,-0.594,-0.471,-0.034,0.748,9.177
-0.055,0.288,0.982,-0.587,-0.868,-1.534,-0.534,-1.259
0.17,0.669,-0.96,-0.813,-0.32,-0.603,0.952,1.683
1.199,-0.89,1,1.298,0.682,0.957,-0.32,5.529
0.83,-0.324,-0.253,0.682,0.141,-1.172,-0.554,1.387
1.3,0.264,-1.956,-0.281,-0.904,0.082,-0.719,-1.349
-1.281,1.088,-0.495,-1.52,0.054,-0.194,1.93,4.774
-0.936,2.06,0.73,0.413,-1.061,0.381,0.754,4.528
0.367,-0.358,2.491,0.307,0.943,-0.136,-0.12,4.389
-0.01,-0.677,1.003,-0.273,0.741,0.881,-0.7,7.46
-0.59,-0.774,0.387,-0.4,-0.548,-1.584,-1.722,6.033
0.925,-1.126,-1.294,-2.793,-2.223,-0.351,0.26,9.399
-0.094,0.493,0.348,0.94,-1.276,-1.162,-1.023,-6.472
0.979,-0.12,1.23,-0.668,2.115,-1.003,-0.923,8.755
-0.899,-0.986,-0.376,-3.092,-0.328,0.39,-1.694,14.348
0.237,1.914,0.798,0.776,-0.461,0.538,0.212,3.523
-0.708,1.864,0.688,0.084,0.626,-1.462,0.525,7.872
-1.305,0.486,-0.548,1.923,-1.072,0.527,-1.238,-8.757
0.827,0.393,1.851,0.006,-1.793,0.088,1.018,-5.195
0.582,1.717,-0.141,1.235,-0.839,0.642,0.035,-1.061
-1.357,1.398,0.81,0.017,-0.433,1.186,0.374,1.854
0.319,-2.415,-0.221,-0.021,0.527,0.649,0.467,31.09
-0.263,1.204,-0.498,1.379,-0.227,-0.457,0.456,-2.175
-1.184,0.211,1.629,0.492,-2.194,-0.148,-0.134,-6.97
0.187,-0.61,0.157,1.115,-1.587,-0.675,-0.542,-3.372
0.507,0.465,1.009,-1.021,-0.155,0.685,-0.601,2.05
0.056,1.302,1.048,0.814,0.766,-1.31,-0.89,1.946
1.38,-0.427,0.467,-0.404,-1.016,-0.127,-0.499,0.707
0.891,-0.573,0.291,-0.267,-0.4,-0.843,-0.696,3.481
-1.477,-0.541,0.358,0.106,1.971,0.232,-0.331,9.003
2.009,1.038,-0.068,1.792,1.196,0.574,0.424,0.599
0.905,0.715,-0.249,0.062,-0.381,-0.571,-0.382,-0.917
0.63,-2.691,-0.754,-0.267,1.871,-0.746,-1.685,40.839
1.281,-0.973,-1.858,1.645,-1.595,0.744,-0.308,-0.814
-1.396,-0.009,0.246,-0.289,-0.054,0.342,-1.172,1.888
0.078,-0.863,0.209,-0.555,1.465,0.699,-0.366,12.258
-1.727,0.954,0.704,0.027,-0.562,1.638,-2.411,-0.615
0.771,-1.218,0.57,-1.274,-0.976,0.91,-0.34,10.422
0.156,-0.989,0.496,0.099,-2.29,-0.206,-2.414,0.333
-0.512,0.763,0.043,1.396,0.324,1.722,0.62,-1.915
0.26,2.118,0.592,0.694,0.377,0.155,-0.585,8.133
1.202,-1.204,-2.023,0.32,-0.705,0.791,0.022,7.522
0.435,1.347,-0.602,0.648,0.04,0.663,1.525,0.845
0.324,-0.769,-0.339,-2.095,-2.279,1.009,-1.728,3.619
1.112,2.058,-0.808,-0.17,0.294,-1.065,-0.714,9.168
2.388,0.515,-0.58,0.809,0.252,0.155,0.8,-0.523
0.738,-0.707,1.351,0.612,-0.954,0.616,-1.129,0.224
-0.901,0.518,-1.128,-0.427,1.065,-0.862,-0.135,4.055
0.758,0.731,0.471,0.816,-0.713,0.4,0.19,-4.266
1.307,1.406,-0.874,-0.986,0.281,-2.032,1.022,5.876
0.447,0.394,0.657,-0.044,-0.259,-1.841,-0.483,-1.075
-0.851,-0.766,1.226,1.357,0.4,-0.178,-1.027,3.471
-1.048,-1.559,-0.483,-0.674,-0.708,0.872,1.513,13.726
0.004,0.305,1.086,0.827,-0.125,-1.232,-1.435,-2.106
-1.42,-0.173,1.262,1.228,0.058,1.849,-0.56,-1.159
0.495,-1.253,2.34,0.093,-0.373,0.413,-0.97,8.49
0.964,-0.827,0.272,-0.472,0.352,1.359,-0.619,7.49
0.515,1.325,2.949,-0.631,-1.263,-0.795,0.341,-0.176
-1.111,2.324,-0.297,-1.234,1.257,0.113,2.442,17.892
-0.292,0.038,0.148,-0.104,-1.309,0.168,0.707,-2.858
1.924,0.489,-0.749,-0.527,-1.087,0.446,0.7,-1.337
-2.361,-0.344,2.097,0.978,0.816,-0.225,0.623,2.2
-0.425,-0.93,0.385,0.703,0.922,1.122,-1.655,7.867
-0.2,0.943,1.172,-0.376,1.206,-0.632,-0.237,4.952
1.081,0.043,0.104,-0.399,-0.811,0.176,0.265,-0.326
-0.581,-0.885,-1.17,0.066,-1.354,0.481,0.241,2.804
-0.212,0.226,-1.149,1.068,-0.48,0.563,-0.455,-4.038
-0.412,-2.413,0.034,-0.114,0.79,0.007,-0.457,31.613
0.395,-1.536,-0.036,1.024,0.739,0.36,-1.73,13.874
-1.337,0.77,-1.231,-0.384,-0.567,1.772,-0.647,-1.17
2.311,-0.135,-0.345,0.85,-0.786,-0.381,-0.002,-2.854
-0.35,0.545,0.339,-0.368,0.497,-0.556,-0.653,2.764
-0.321,1.758,-0.629,1.62,-0.193,-1.228,0.438,1.056
-0.429,-1.18,1.048,-0.951,-0.444,-1.306,-0.318,11.027
-0.23,0.248,0.748,-1.306,0.035,0.597,0.026,3.627
-0.056,1.785,0.218,-0.174,1.036,-0.19,-0.048,8.676
-0.372,-0.518,0.952,-0.426,-0.024,0.423,1.218,4.507
0.474,0.254,-0.462,-0.445,-0.79,0.011,0.128,-1.225
-0.062,-1.098,1.312,-0.481,2.015,0.406,-0.675,16.038
-2.128,0.129,2.177,1.45,0.302,2.316,-0.536,-3.165
-1.002,2.079,-0.398,1.028,-0.501,-0.101,1.733,4.435
-0.518,0.933,2.211,-0.72,0.022,-0.191,0.767,2.237
2.21,-0.008,0.32,-0.208,-0.488,-0.263,1.328,0.04
0.325,-0.09,0.499,1.206,-0.373,2.747,-0.248,-3.032
-1.277,-1.002,0.077,-0.497,0.996,-0.32,-0.292,11.12
2.079,2.662,0.113,-0.677,0.967,-0.719,0.2,20.747
0.551,-1.851,-0.79,1.593,0.04,0.667,-0.046,15.656
2.01,-0.136,0.772,0.796,-0.488,-0.353,0.935,-2.183
-0.288,-1.583,-1.305,0.625,0.183,-0.52,-1.267,13.799
0.482,0.951,0.473,0.196,-0.729,0.492,-0.963,-2.035
-1.379,0.039,-0.607,-0.016,1.199,1.314,0.505,4.53
0.923,1.865,-0.617,-2.728,0.664,-2.09,0.672,15.701
-0.82,0.677,1.406,1.887,0.607,2.255,-0.069,-1.819
-0.649,1.937,0.419,-0.816,-0.694,-1.316,0.162,7.86
1.489,-0.617,-1.359,0,-0.095,-0.566,0.226,4.58
-0.941,-0.374,0.872,-0.809,1.765,0.366,-0.226,10.436
-1.174,0.571,-0.301,-0.312,-0.444,0.808,1.224,-0.914
0.793,-1.038,-0.718,0.933,-0.557,-0.081,0.932,4.009
-0.796,-0.608,-0.673,0.054,-0.146,-1.685,-2.813,3.64
0.989,-1.161,0.097,0.086,-0.69,-1.899,0.51,7.526
2.107,0.415,-0.517,-0.606,-0.773,2.058,-0.049,-0.521
1.827,-1.3,-0.446,-0.003,-1.042,2.22,2.245,8.212
0.393,-0.298,-0.203,2.233,-1.759,0.108,-0.841,-8.225
-0.096,-0.872,0.272,-0.723,-0.477,-0.795,0.183,6.627
0.74,0.503,0.711,0.63,1.236,0.982,0.398,1.8
1.135,-0.934,-2.954,0.468,0.55,0.362,-0.133,7.021
0.793,1.012,-1.481,-0.155,-0.585,-0.403,1.808,0.399
0.757,-0.986,-0.105,0.493,0.439,-0.321,0.763,7.685
-0.313,-0.085,-0.696,0.436,-0.103,0.494,0.849,-0.268
-2.493,-1.35,0.4,1.316,2.231,-0.168,0.299,15.32
-0.075,-2.29,-0.347,-0.211,0.56,-0.908,1.012,28.589
-0.927,0.755,-0.289,1.017,0.453,0.948,0.124,-0.786
1.235,-0.221,-0.413,-0.576,0.759,-0.697,1.562,5.169
0.183,0.285,0.926,0.036,0.06,0.983,0.145,0.213
0.838,1.04,0.001,1.127,1.043,0.75,-1.08,1.012
0.671,0.888,0.683,0.329,-0.37,-0.42,1.606,-1.42
-1.364,-0.153,0.68,1.186,1.198,-0.421,0.591,3.14
0.665,0.682,0.423,0.837,0.519,-1.072,-0.271,-0.743
0.726,-0.716,0.219,2.362,-0.278,0.197,0.258,-1.201
0.294,-2.008,-1.78,0.467,-1.101,-0.542,-0.787,17.177
-0.935,0.271,0.144,0.179,1.269,2.128,-1.028,3.162
1.248,0.913,-0.126,0.307,-1.269,0.227,0.476,-4.113
-1.69,0.962,-0.005,0.552,0.344,0.417,-0.87,0.295
1.482,-0.03,-0.229,-1.308,0.007,0.98,0.468,3.669
1.091,0.645,0.783,-0.543,0.067,-0.86,-0.853,1.044
-0.316,-1.739,0.67,0.247,-0.293,-0.953,-2.137,15.52
1.871,-1.082,-0.016,0.786,0.225,-1.122,1.211,7.159
0.277,-0.198,-0.354,0.474,-0.162,-0.276,0.877,-0.699
-0.632,-0.351,-0.34,-1.467,-0.166,0.181,-0.692,5.309
0.918,-0.064,-0.775,0.241,0.465,0.159,0.499,2.218
0.211,-0.561,-2.011,-0.964,-0.709,0.169,0.663,4.351
-1.914,1.206,-0.318,1.397,1.745,-0.36,-2.502,3.254
-0.292,1.018,-0.578,-0.411,0.376,2.058,-0.008,2.88
-1.636,-0.471,0.411,2.413,-1.724,0.395,0.406,-7.224
-0.611,-2.182,0.164,-0.549,1.187,1.702,0.685,29.46
-0.453,1.282,1.471,0.421,-0.171,-0.533,0.071,0.69
1.358,-1.974,-0.717,-0.489,-0.884,-0.505,-0.828,19.767
-1.473,1.547,0.824,1.551,-0.402,-0.784,-0.503,-0.992
0.103,2.719,-0.071,-0.851,-0.8,2.23,0.708,16.424
0.198,-0.147,-0.414,-1.892,2.069,0.564,-0.235,12.257
-0.44,-1.352,1.15,-1.081,-0.554,-0.935,-0.911,13.592
-0.744,-0.231,-0.387,-0.641,0.452,0.899,-1.663,4.432
0.742,0.173,1.571,-0.215,0.44,1.775,0.23,1.642
0.475,1.244,-0.679,1.747,1.037,0.506,1.1,0.635
0.243,0.339,0.732,1.396,-0.428,-0.343,2.33,-4.821
0.265,-1.275,-1.935,-0.534,0.823,-1.049,-0.449,14.676
1.643,-0.707,-1.259,-0.491,0.448,0.108,0.233,7.178
0.987,1.116,-0.702,0.623,1.793,-1.581,0.914,4.86
-0.347,2.212,-1.635,-0.372,-0.657,-0.627,1.03,9.551
-0.148,1.465,2.297,0.843,0.246,-0.652,0.56,2.039
-0.274,-0.335,-0.132,-0.725,-0.478,0.82,1.173,3.183
1.232,1.091,-1.496,-1.564,0.262,1.744,1.911,5.757
-0.407,-2.739,-1.843,-0.14,1.838,0.006,-0.282,41.498
-1.092,-0.267,0.039,0.297,1.497,2.477,0.637,5.639
0.586,-0.217,0.574,-0.774,1.004,-0.137,-0.92,6.134
0.971,0.133,-0.128,-1.128,-0.77,-1.32,0.007,0.766
0.684,0.845,-0.259,0.035,0.653,-0.348,1.653,2.119
1.046,0.552,2.142,-0.16,-0.315,0.726,-0.593,-1.232
0.164,0.315,-0.393,-0.564,-0.187,-0.219,-0.259,0.976
-1.737,0.836,-0.638,0.289,1.057,0.066,0.798,2.107
0.36,0.838,0.511,0.031,0.622,-0.206,-0.526,1.737
1.104,0.124,0.306,0.758,-0.308,0.341,0.416,-2.293
0.715,0.92,0.514,-0.326,0.168,0.942,-0.184,1.891
-0.683,0.703,-0.454,-0.621,1.525,-0.77,-1.773,5.704
0.792,-0.498,0.413,0.139,1.451,0.795,1.1,7.437
1.323,-2.059,-0.778,0.268,1.846,0.196,0.073,27.607
2.006,-1.015,-0.359,0.117,0.318,0.285,-0.534,8.786
1.286,-1.221,0.179,0.812,-1.336,-1.608,0.697,3.816
0.117,1.722,0.476,0.674,0.742,-0.788,-0.227,5.492
0.935,-0.462,1.384,1.562,1.867,0.871,-1.607,4.645
1.333,0.698,1.97,-0.676,0.43,-1.766,1.06,3.331
0.982,0.767,-0.569,-0.049,0.031,1.432,0.838,0.887
0.656,-0.541,-0.666,-0.42,-0.285,1.662,-2.267,4.696
1.007,-1.151,-1.004,-0.464,0.987,0.499,0.027,12.939
-1.611,0.657,0.126,-0.553,-0.58,1.236,-1.357,-0.082
-0.256,-0.525,-0.684,1.028,0.908,0.718,-1.379,4.1
1.908,2.281,0.562,-0.495,0.962,-1.156,-0.751,15.297
0.702,0.961,-0.539,-1.147,0.684,-0.136,-0.61,5.81
-0.686,0.907,-0.531,1.232,-0.49,-0.432,-0.137,-4.35
-0.338,-1.844,-0.259,0.627,0.519,-1.65,-1.408,19.153
-1.021,0.317,-0.131,0.21,0.386,-0.876,-0.34,1.076
1.651,0.571,1.699,-0.623,-0.296,-0.48,1.885,0.211
-1.752,0.387,1.087,0.368,0.248,-1.28,-1.051,0.677
1.803,0.136,0.84,-0.748,1.322,0.494,-0.462,5.732
-1.398,0.942,0.201,0.165,2.016,0.007,-0.039,6.349
1.525,-2.345,-0.152,0.545,1.386,0.174,1.296,31.57
2.245,1.367,0.416,1.44,0.832,2.505,-0.168,0.827
0.45,0.863,1.354,-0.003,-1.449,-0.057,1.046,-3.765
0.148,0.911,-0.222,-2.66,-1.237,-0.528,1.718,3.747
-0.307,-0.706,0.794,0.262,-2.436,-0.518,-0.071,-3.299
1.376,-0.414,0.063,-0.644,1.245,-1.195,-2.657,8.023
1.552,2.275,0.596,-0.1,-0.096,-0.546,0.439,10.683
-0.042,1.041,0.283,0.5,-0.987,0.745,-0.103,-3.054
-0.999,-0.607,-0.579,-0.052,0.242,-0.283,0.543,4.938
1.174,0.392,0.454,-0.031,-1.341,-0.866,-0.362,-4.14
0.129,1.253,-1.934,1.238,0.138,1.148,-0.155,-0.998
-0.08,-0.842,0.327,-0.146,0.929,-1.102,-0.644,9.501
0.245,0.917,0.149,0.715,-2.095,0.749,0.845,-7.451
-0.467,-0.068,0.24,0.985,-0.532,-0.504,1.107,-2.983
0.05,-2.072,-0.298,-0.081,-0.447,1.031,-0.76,22.513
3.092,0.337,0.874,-0.327,0.418,-1.375,0.183,2.541
1.002,1.087,-0.845,-1.214,-1.83,-0.823,-0.089,-1.52
-0.466,0.14,0.427,-0.677,0.796,1.777,1.745,4.971
0.501,-0.343,-0.651,1.293,-0.592,-0.268,1.09,-2.439
-1.134,0.262,-0.538,-0.299,-0.338,0.45,-0.172,0.559
-1.297,0.418,1.246,-1.068,-0.214,-1.132,0.451,2.375
-0.891,-0.382,0.074,-0.178,-1.03,-1.175,0.259,0.233
-0.658,-0.786,0.504,-2.033,-0.299,-0.058,0.759,10.199
-0.268,0.781,-0.462,0.772,0.96,-0.763,0.415,1.647
-1.829,-0.518,0.169,-1.181,1.535,0.207,-0.078,10.759
0.228,-1.65,-0.386,-0.412,-1.184,-0.354,0.359,13.349
0.7,1.659,1.924,0.138,-1.638,1.308,-0.26,-1.092
1.287,0.632,0.341,0.189,1.862,-0.265,2.018,5.038
-1.358,0.788,-0.674,-0.433,0.425,0.819,0.131,2.538
0.066,-1.985,-0.384,-1.344,1.245,1.238,-0.066,27.738
0.562,-2.028,-0.981,0.959,-2.246,0.958,-1.256,13.533
0.18,-0.317,-1.175,-0.747,0.643,0.091,-0.671,5.89
-1.884,-1.163,-1.573,-0.264,0.196,-1.167,0.94,10.432
2.343,-2.554,-1.571,0.153,0.589,0.46,1.45,34.671
0.812,-1.082,-0.349,-0.525,-0.98,0.273,1.365,7.139
-0.035,-0.257,-1.579,-0.75,-0.132,0.727,-1.987,3.869
-0.887,0.05,-0.795,-0.303,-2.472,-0.78,0.896,-6.161
0.469,-0.362,-1.244,0.323,-0.472,0.919,0.852,0.467
1.701,-0.669,2.101,0.919,-1.968,0.006,-0.351,-3.113
1.671,-1.002,0.314,-0.243,0.791,0.381,-2.76,10.715
0.177,0.544,1.188,0.332,0.854,-1.162,1.784,1.276
-0.504,-2.628,1.443,-1.931,-1.468,0.202,1.195,33.816
0.105,0.476,2.354,-0.094,1.167,1.3,0.199,3.259
-1.179,-0.314,-0.547,0.154,1.485,0.21,-0.033,6.291
0.837,-0.362,-0.984,1.497,0.477,-0.135,0.777,0.185
0.261,1.315,-0.118,-0.237,-1.441,1.938,1.381,-1.849
-0.981,0.173,-0.915,-1.575,0.134,0.625,-0.822,4.573
2.233,2.819,-1.334,-1.212,0.903,0.816,1.939,24.298
-0.585,-0.068,-0.546,-0.683,0.078,-1.379,-1.992,3.061
-0.906,0.35,-0.755,0.02,-1.874,1.903,-0.465,-5.176
-0.896,0.098,-1.156,1.441,-0.916,-0.373,-0.808,-5.346
-0.529,0.393,-0.327,0.015,2.243,-0.831,-0.989,6.909
0.259,-0.548,1.48,1.358,-0.3,-0.303,0.122,-0.129
-0.22,-2.086,-1.831,-0.47,-1.913,-1.49,-0.48,18.94
1.54,-0.919,-2.468,0.169,-1.021,-0.105,0.79,3.006
-1.245,1.435,-0.881,-0.561,0.579,-0.464,-0.587,5.588
1.254,-0.772,-0.299,0.441,-2.253,0.494,-1.688,-1.369
-0.243,0.343,-0.367,-0.099,0.46,0.471,0.126,1.115
-0.623,-0.669,-0.661,0.077,1.357,-0.195,0.511,8.34
-1.014,-1.286,-1.428,0.069,-0.925,0.329,-0.545,7.58
-0.052,-1.237,-0.15,0.035,1.201,-0.566,-0.471,14.098
-0.898,-1.035,0.587,-0.913,-0.925,-0.246,-0.382,7.783
-0.931,1.192,-1.547,0.434,0.497,0.264,1.215,1.766
1.252,1.769,2.191,-1.661,-0.825,1.755,0.388,7.307
1.8,2.003,-2.451,0.029,-1.627,-0.643,0.247,2.67
-0.628,1.165,0.926,0.86,-0.489,1.425,-0.871,-1.9
-0.191,-1.588,1.612,0.055,0.177,-1.694,0.703,14.359
-1.243,-0.225,0.109,0.623,0.232,1.508,-1.694,0.981
-0.194,-1.153,0.149,0.628,-0.095,0.706,-0.161,7.767
0.429,-1.551,0.357,0.043,-0.497,-0.561,1.443,13.406
0.143,0.951,-1.278,0.453,0.411,-0.539,-1.103,0.345
-0.255,-0.888,1.261,-0.404,0.072,-1.196,-0.953,7.576
-0.721,1.055,-0.119,0.459,-1.727,-2.542,-0.213,-5.657
0.146,-0.622,0.251,-0.856,-0.321,-0.085,1.231,5.551
-1.928,1.788,-0.324,0.686,0.332,-0.285,0.919,4.91
-0.786,0.643,0.682,0.039,0.153,0.689,1.004,0.589
0.79,-0.001,-0.027,-1.413,-0.72,-0.855,1.501,2.781
-0.745,-0.23,1.105,-0.206,0.118,1.797,1.5,3.608
-2.503,-0.69,-0.252,1.412,-0.676,1.193,0.282,-1.565
-1.56,0.837,0.26,0.264,0.784,1.018,-0.91,2.257
1.527,0.188,1.295,-2.027,-0.245,0.954,-0.278,4.331
1.866,1.117,0.192,0.618,-0.449,1.134,0.969,-1.579
-1.824,0.513,0.064,1.255,-0.205,1.706,0.757,-3.555
0.564,0.405,0.004,0.506,0.537,0.496,0.269,1.787
-0.362,-0.273,0.014,-0.076,-1.703,0.392,1.347,-3.01
-0.584,-1.354,-0.578,-1.177,1.148,0.298,-2.047,17.776
0.609,-0.407,-1.324,0.738,1.353,-2.277,-1.206,4.991
0.528,0.643,-0.394,-0.335,-1.002,0.287,0.508,-2.592
-0.345,-0.068,2.212,1.753,1.037,0.066,0.598,-0.216
-0.674,0.388,-0.632,1.18,-0.2,-0.613,-1.015,-3.725
-0.301,0.232,0.538,-0.948,-0.714,-0.79,0.966,0.895
-0.568,0.479,-0.295,-0.004,-0.097,1.03,0.221,-0.271
-1.513,-0.156,-1.801,-1.401,0.099,1.248,0.521,5.161
1.187,1.794,0.285,-0.663,-0.438,-1.179,-0.919,6.187
-1.276,-1.1,2.568,1.096,0.212,0.689,1.005,6.417
-0.675,-1.355,-1.557,-0.877,1.343,-0.916,-0.577,17.806
-0.422,0.251,-1.308,-0.763,1.031,0.826,-0.287,5.225
-1.257,-0.557,0.553,0.367,-0.08,0.587,-0.409,2.749
-0.799,0.669,0.162,-1.628,-0.567,-0.948,0.462,2.598
1.138,1.262,-0.614,0.111,-0.4,-0.426,-0.051,0.887
0.737,0.513,1.226,-0.086,-0.183,0.641,0.321,-0.645
1.585,0.477,0.908,-0.808,-0.762,-0.222,1.131,-0.929
1.103,-0.517,0.791,0.348,1.701,3,0.417,7.525
-0.983,-1.099,1.735,1.507,-0.749,0.14,-0.371,3.41
0.833,-1.769,-0.708,0.483,0.063,1.085,-0.313,16.717
-1.569,-0.899,-0.34,0.901,1.177,-0.564,2.038,8.519
1.318,0.141,-0.117,-0.105,0.475,-1.093,-0.222,1.764
1.534,0.314,1.2,-0.997,0.291,-0.52,-1.256,2.165
-0.024,2.361,-0.432,-0.662,-0.54,1.502,1.702,11.346
-0.61,0.514,-0.603,1.314,-0.266,-0.661,0.933,-3.703
0.112,-1.489,-0.139,0.3,0.747,-0.099,1.228,15.147
0.383,0.336,-1.308,0.411,-0.699,0.146,-1.122,-2.183
-0.951,-0.216,0.834,-2.298,0.525,0.387,-0.073,9.448
1.288,0.423,0.485,-0.529,1.6,-0.704,1.105,5.542
0.858,0.004,-0.21,-0.698,0.98,1.642,-0.312,5.798
0.983,1.189,0.455,-0.095,-1.053,-1.368,-2.339,-1.378
-0.315,-0.07,-0.839,-0.093,-0.333,-1.02,0.077,0.614
0.032,0.053,1.201,0.485,-0.236,1.251,0.613,-0.686
0.791,-0.184,-0.32,-0.855,-1.022,-0.631,1.609,0.392
0.339,0.504,-0.206,-0.457,-0.786,0.684,-1.023,-1.135
0.945,0.506,-0.448,0.713,-0.817,0.246,-0.526,-4.956
0.569,-0.668,0.614,0.563,-0.58,-1.171,-0.03,1.149
0.258,-0.183,1.062,0.145,-1.456,0.916,-1.529,-3.357
-0.228,-0.554,-0.43,1.259,-0.417,0.187,0.193,-0.719
0.31,-0.492,0.373,-0.796,1.039,0.153,-0.695,6.933
-1.608,-0.252,-0.302,0.378,-0.655,0.804,0.724,-0.933
-0.897,1.313,0.114,-0.241,1.057,-0.212,-0.015,5.882
0.856,-0.656,0.755,0.421,-1.713,-0.527,0.409,-1.8
-1.962,-0.249,-0.644,-1.081,0.576,0.135,0.736,6.14
0.949,-0.342,0.837,-0.263,-0.106,0.92,-0.129,2.043
0.104,-1.273,-0.85,-2.057,0.041,0.872,0.928,16.138
-1.044,0.087,0.61,0.924,-0.955,-0.727,0.024,-3.841
0.71,-1.039,1.281,-0.238,1.194,0.57,0.681,11.482
0.175,-0.005,-0.253,-1.581,-0.579,1.092,-1.832,3.322
-1.058,0.608,-0.196,-0.733,0.244,0.271,0.053,3.129
-0.681,-0.372,0.01,0.785,-0.684,-0.327,-1.188,-0.992
-1.015,-0.988,0.384,-2.215,0.436,-1.374,0.37,14.64
2.337,-0.015,0.037,1.263,0.815,0.268,-0.608,0.017
-1.171,0.664,-0.888,-1.003,-0.086,-0.341,1.211,2.047
-2.141,-0.792,-0.357,0.356,-1.906,-2.183,1.846,-0.384
